sample_id	dataset_id	library_size	biofluid	reads_used_for_alignment	miRNA_sense_counts	low_miRNA_flag
sample_Sample_B_001_PC02_CAGGCG_R1_001_fastq	EXR-KJENS1RID1-AN	1242620.0	Plasma	3159879.0	1242620.0	False
sample_Sample_B_002_PC02_CATTTT_combined_2_R1_001_fastq	EXR-KJENS1RID1-AN	519364.0	Plasma	1967524.0	519364.0	False
sample_Sample_B_004_BC01_CATGGC_combined_3_R1_001_fastq	EXR-KJENS1RID1-AN	740897.0	Plasma	5437464.0	740897.0	False
sample_Sample_B_004_GC11_CAGGCG_combined_3_R1_001_fastq	EXR-KJENS1RID1-AN	881807.0	Plasma	7242103.0	881807.0	False
sample_Sample_B_004_GC12_ACTTGA_combined_3_R1_001_fastq	EXR-KJENS1RID1-AN	51001.0	Plasma	1006921.0	51001.0	True
sample_Sample_B_005_BC01_GTCCGC_combined_2_R1_001_fastq	EXR-KJENS1RID1-AN	1662006.9999999998	Plasma	2956780.0	1662007.0	False
sample_Sample_B_005_GC06_CTCAGA_R1_001_fastq	EXR-KJENS1RID1-AN	1122959.0	Plasma	5460643.0	1122959.0	False
sample_Sample_B_005_GC07_AGTTCC_combined_3_R1_001_fastq	EXR-KJENS1RID1-AN	257963.00000000003	Plasma	1512383.0	257963.0	False
sample_Sample_B_005_GC08_GGTAGC_combined_2_R1_001_fastq	EXR-KJENS1RID1-AN	3805.0	Plasma	93779.0	3805.0	True
sample_Sample_B_005_GC09_CAGATC_combined_3_R1_001_fastq	EXR-KJENS1RID1-AN	122925.99999999999	Plasma	4667186.0	122926.0	False
sample_Sample_B_005_GC12_CATGGC_R1_001_fastq	EXR-KJENS1RID1-AN	791639.0	Plasma	2244329.0	791639.0	False
sample_Sample_B_005_GC16_ACAGTG_combined_3_R1_001_fastq	EXR-KJENS1RID1-AN	463965.00000000006	Plasma	11486344.0	463965.0	False
sample_Sample_B_006_BC01_TAGCTT_R1_001_fastq	EXR-KJENS1RID1-AN	2857239.0000000005	Plasma	4732979.0	2857239.0	False
sample_Sample_B_006_GC06_CTTGTA_combined_2_R1_001_fastq	EXR-KJENS1RID1-AN	643877.0	Plasma	3676007.0	643877.0	False
sample_Sample_B_006_GC07_ATGTCA_combined_2_R1_001_fastq	EXR-KJENS1RID1-AN	3060076.0	Plasma	6098971.0	3060076.0	False
sample_Sample_B_007_BC01_GTAGAG_R1_001_fastq	EXR-KJENS1RID1-AN	5235467.0	Plasma	7336141.0	5235467.0	False
sample_Sample_B_007_GC05_ACTGAT_combined_3_R1_001_fastq	EXR-KJENS1RID1-AN	596844.0	Plasma	1568257.0	596844.0	False
sample_Sample_B_007_GC07_CAACTA_combined_2_R1_001_fastq	EXR-KJENS1RID1-AN	722849.0	Plasma	839485.0	722849.0	False
sample_Sample_B_007_GC10_TCCCGA_R1_001_fastq	EXR-KJENS1RID1-AN	808899.0	Plasma	2660341.0	808899.0	False
sample_Sample_B_007_PC02_TAGCTT_combined_3_R1_001_fastq	EXR-KJENS1RID1-AN	562506.0	Plasma	9962844.0	562506.0	False
sample_Sample_B_008_BC01_Yr2_AGTTCC_R1_001_fastq	EXR-KJENS1RID1-AN	568400.0	Plasma	7804358.0	568400.0	False
sample_Sample_B_008_GC10_Yr2_CCAACA_R1_001_fastq	EXR-KJENS1RID1-AN	1029261.0000000001	Plasma	4105662.0	1029261.0	False
sample_Sample_B_010_BC01_Yr2_TTAGGC_combined_2_R1_001_fastq	EXR-KJENS1RID1-AN	284166.00000000006	Plasma	953585.0	284166.0	False
sample_Sample_B_010_GC02_Yr2_GTTTCG_R1_001_fastq	EXR-KJENS1RID1-AN	2118291.9999999995	Plasma	10059724.0	2118292.0	False
sample_Sample_B_010_GC07_Yr2_TACAGC_R1_001_fastq	EXR-KJENS1RID1-AN	3944214.0	Plasma	14272767.0	3944214.0	False
sample_Sample_B_010_GC08_Yr2_TCATTC_R1_001_fastq	EXR-KJENS1RID1-AN	3775225.0	Plasma	11908069.0	3775225.0	False
sample_Sample_B_010_GC09_Yr2_CGGAAT_R1_001_fastq	EXR-KJENS1RID1-AN	1404919.0000000002	Plasma	8757634.0	1404919.0	False
sample_Sample_B_011_BC01_GATCAG_R1_001_fastq	EXR-KJENS1RID1-AN	4738768.0	Plasma	9546355.0	4738768.0	False
sample_Sample_B_011_BC01_Yr2_GTGGCC_R1_001_fastq	EXR-KJENS1RID1-AN	2403108.0000000005	Plasma	9391389.0	2403108.0	False
sample_Sample_B_011_GC01_Yr2_GAGTGG_R1_001_fastq	EXR-KJENS1RID1-AN	243629.0	Plasma	2349743.0	243629.0	False
sample_Sample_B_011_GC05_Yr2_TACAGC_R1_001_fastq	EXR-KJENS1RID1-AN	133621.0	Plasma	1074689.0	133621.0	False
sample_Sample_B_011_GC07_TGACCA_R1_001_fastq	EXR-KJENS1RID1-AN	1787449.0000000002	Plasma	3025851.0	1787449.0	False
sample_Sample_B_011_GC11_Yr2_ATGAGC_R1_001_fastq	EXR-KJENS1RID1-AN	2681961.9999999995	Plasma	9190354.0	2681962.0	False
sample_Sample_B_013_BC01_CCGTCC_R1_001_fastq	EXR-KJENS1RID1-AN	1134278.0	Plasma	3610407.0	1134278.0	False
sample_Sample_B_013_BC01_Yr2_CTTGTA_R1_001_fastq	EXR-KJENS1RID1-AN	906073.0000000002	Plasma	10433354.0	906073.0	False
sample_Sample_B_013_GC04_Yr2_TAGCTT_R1_001_fastq	EXR-KJENS1RID1-AN	594160.0	Plasma	7391071.0	594160.0	False
sample_Sample_B_013_GC06_Yr2_CAAAAG_R1_001_fastq	EXR-KJENS1RID1-AN	3036747.9999999995	Plasma	10690227.0	3036748.0	False
sample_Sample_B_013_GC07_Yr2_CAGGCG_R1_001_fastq	EXR-KJENS1RID1-AN	759421.0	Plasma	8302039.0	759421.0	False
sample_Sample_B_013_GC15_CGTACG_combined_4_R1_001_fastq	EXR-KJENS1RID1-AN	357224.99999999994	Plasma	10634323.0	357225.0	False
sample_Sample_B_014_BC01_ATGAGC_combined_3_R1_001_fastq	EXR-KJENS1RID1-AN	1898.9999999999995	Plasma	30049.0	1899.0	True
sample_Sample_B_014_BC01_Yr2_ATTCCT_R1_001_fastq	EXR-KJENS1RID1-AN	1662974.0	Plasma	9521896.0	1662974.0	False
sample_Sample_B_014_GC06_GGCTAC_combined_2_R1_001_fastq	EXR-KJENS1RID1-AN	711857.0	Plasma	4291409.0	711857.0	False
sample_Sample_B_014_GC11_Yr2_ATGTCA_R1_001_fastq	EXR-KJENS1RID1-AN	775246.0	Plasma	7742804.0	775246.0	False
sample_Sample_B_015_BC01_Yr2_TAGCTT_R1_001_fastq	EXR-KJENS1RID1-AN	919839.0	Plasma	4571916.0	919839.0	False
sample_Sample_B_019_BC01_Yr2_GGCTAC_R1_001_fastq	EXR-KJENS1RID1-AN	2997664.0000000005	Plasma	7652976.0	2997664.0	False
sample_Sample_B_019_GC01_Yr2_CCGTCC_R1_001_fastq	EXR-KJENS1RID1-AN	1831600.9999999995	Plasma	10342452.0	1831601.0	False
sample_Sample_B_019_GC03_Yr2_GTGGCC_R1_001_fastq	EXR-KJENS1RID1-AN	2186585.0	Plasma	6960606.0	2186585.0	False
sample_Sample_B_022_BC01_GCCAAT_combined_3_R1_001_fastq	EXR-KJENS1RID1-AN	700591.0	Plasma	4790416.0	700591.0	False
sample_Sample_B_022_BC01_Yr2_AGTCAA_R1_001_fastq	EXR-KJENS1RID1-AN	5413563.999999999	Plasma	12994754.0	5413564.0	False
sample_Sample_B_022_GC17_GATCAG_combined_3_R1_001_fastq	EXR-KJENS1RID1-AN	21870.999999999996	Plasma	834485.0	21871.0	True
sample_Sample_B_023_PC02_CATTTT_R1_001_fastq	EXR-KJENS1RID1-AN	1296843.0	Plasma	3591892.0	1296843.0	False
sample_Sample_B_024_BC01_Yr2_CGATGT_R1_001_fastq	EXR-KJENS1RID1-AN	909954.0000000001	Plasma	4356840.0	909954.0	False
sample_Sample_B_024_GC01_Yr2_TCGAAG_R1_001_fastq	EXR-KJENS1RID1-AN	2420924.9999999995	Plasma	8557947.0	2420925.0	False
sample_Sample_B_024_GC02_Yr2_GTAGAG_R1_001_fastq	EXR-KJENS1RID1-AN	2669657.9999999995	Plasma	12034730.0	2669658.0	False
sample_Sample_B_024_GC04_Yr2_GTGAAA_R1_001_fastq	EXR-KJENS1RID1-AN	2166351.0	Plasma	7363791.0	2166351.0	False
sample_Sample_B_024_GC05_Yr2_TCGAAG_R1_001_fastq	EXR-KJENS1RID1-AN	13996865.0	Plasma	27716439.0	13996865.0	False
sample_Sample_B_024_GC06_Yr2_CACTCA_R1_001_fastq	EXR-KJENS1RID1-AN	4917007.999999999	Plasma	14300099.0	4917008.0	False
sample_Sample_B_024_GC07_Yr2_CTATAC_R1_001_fastq	EXR-KJENS1RID1-AN	1478957.0	Plasma	3872465.0	1478957.0	False
sample_Sample_B_024_GC08_Yr2_CACGAT_R1_001_fastq	EXR-KJENS1RID1-AN	2582152.9999999995	Plasma	9601757.0	2582153.0	False
sample_Sample_B_024_GC09_Yr2_CTATAC_R1_001_fastq	EXR-KJENS1RID1-AN	5317372.000000001	Plasma	11348834.0	5317372.0	False
sample_Sample_B_024_GC10_Yr2_CGTACG_R1_001_fastq	EXR-KJENS1RID1-AN	591195.0	Plasma	2779522.0	591195.0	False
sample_Sample_B_024_GC11_Yr2_AGTTCC_R1_001_fastq	EXR-KJENS1RID1-AN	820526.0	Plasma	2586312.0	820526.0	False
sample_Sample_B_024_GC12_Yr2_AGTCAA_R1_001_fastq	EXR-KJENS1RID1-AN	1145607.0000000002	Plasma	7770934.0	1145607.0	False
sample_Sample_B_024_PC02_CCGTCC_combined_2_R1_001_fastq	EXR-KJENS1RID1-AN	20664.0	Plasma	369273.0	20664.0	True
sample_Sample_B_025_BC01_Yr2_GTCCGC_R1_001_fastq	EXR-KJENS1RID1-AN	2349168.0	Plasma	7913751.0	2349168.0	False
sample_Sample_B_025_GC03_Yr2_ATCACG_R1_001_fastq	EXR-KJENS1RID1-AN	3147320.0	Plasma	6254934.0	3147320.0	False
sample_Sample_B_029_BC01_Yr2_CAAAAG_R1_001_fastq	EXR-KJENS1RID1-AN	1850513.0000000002	Plasma	8224945.0	1850513.0	False
sample_Sample_B_029_GC03_Yr2_TACAGC_R1_001_fastq	EXR-KJENS1RID1-AN	2954870.0	Plasma	12407774.0	2954870.0	False
sample_Sample_B_030_BC01_Yr2_GTAGAG_R1_001_fastq	EXR-KJENS1RID1-AN	1027438.0	Plasma	5748192.0	1027438.0	False
sample_Sample_B_030_GC02_Yr2_CAACTA_R1_001_fastq	EXR-KJENS1RID1-AN	1559903.9999999998	Plasma	8195797.0	1559904.0	False
sample_Sample_B_030_GC03_Yr2_ACTGAT_R1_001_fastq	EXR-KJENS1RID1-AN	2149666.0000000005	Plasma	8932024.0	2149666.0	False
sample_Sample_B_030_GC07_Yr2_TAATCG_R1_001_fastq	EXR-KJENS1RID1-AN	1394684.0	Plasma	7041919.0	1394684.0	False
sample_Sample_B_031_BC01_TTAGGC_R1_001_fastq	EXR-KJENS1RID1-AN	845316.0	Plasma	7653269.0	845316.0	False
sample_Sample_B_031_BC01_Yr2_ATCACG_R1_001_fastq	EXR-KJENS1RID1-AN	530375.0	Plasma	4050348.0	530375.0	False
sample_Sample_B_031_GC01_Yr2_TAATCG_R1_001_fastq	EXR-KJENS1RID1-AN	2272480.0	Plasma	7913591.0	2272480.0	False
sample_Sample_B_031_GC15_GTTTCG_combined_3_R1_001_fastq	EXR-KJENS1RID1-AN	209848.0000000001	Plasma	13367214.0	209848.0	False
sample_Sample_B_031_GC16_GCCAAT_R1_001_fastq	EXR-KJENS1RID1-AN	1471926.0	Plasma	9234187.0	1471926.0	False
sample_Sample_B_036_BC01_Yr2_ACAGTG_R1_001_fastq	EXR-KJENS1RID1-AN	3855203.0	Plasma	13758060.0	3855203.0	False
sample_Sample_B_036_GC05_Yr2_CACTCA_R1_001_fastq	EXR-KJENS1RID1-AN	5600207.0	Plasma	7665206.0	5600207.0	False
sample_Sample_B_039_BC01_TGACCA_combined_2_R1_001_fastq	EXR-KJENS1RID1-AN	878537.0	Plasma	5598580.0	878537.0	False
sample_Sample_B_039_BC01_Yr2_ACAGTG_R1_001_fastq	EXR-KJENS1RID1-AN	209271.0	Plasma	2153419.0	209271.0	False
sample_Sample_B_039_GC06_ATGAGC_combined_2_R1_001_fastq	EXR-KJENS1RID1-AN	598386.0	Plasma	2060214.0	598386.0	False
sample_Sample_B_039_GC09_Yr2_GATCAG_R1_001_fastq	EXR-KJENS1RID1-AN	683045.0000000001	Plasma	3942496.0	683045.0	False
sample_Sample_B_042_BC01_GAGTGG_combined_2_R1_001_fastq	EXR-KJENS1RID1-AN	424270.00000000006	Plasma	11045331.0	424270.0	False
sample_Sample_B_044_BC01_ACAGTG_R1_001_fastq	EXR-KJENS1RID1-AN	1287719.0	Plasma	3879936.0	1287719.0	False
sample_Sample_B_044_GC16_CTTGTA_R1_001_fastq	EXR-KJENS1RID1-AN	1259616.0	Plasma	3628036.0	1259616.0	False
sample_Sample_B_045_BC01_ATGTCA_R1_001_fastq	EXR-KJENS1RID1-AN	839603.0	Plasma	6069726.0	839603.0	False
sample_Sample_B_045_BC01_Yr2_TTAGGC_R1_001_fastq	EXR-KJENS1RID1-AN	552614.0	Plasma	2219251.0	552614.0	False
sample_Sample_B_045_GC04_Yr2_CAGATC_R1_001_fastq	EXR-KJENS1RID1-AN	780274.0	Plasma	8273770.0	780274.0	False
sample_Sample_B_045_GC12_Yr2_CGTACG_R1_001_fastq	EXR-KJENS1RID1-AN	1818900.0	Plasma	10784190.0	1818900.0	False
sample_Sample_B_045_GC14_GTGAAA_R1_001_fastq	EXR-KJENS1RID1-AN	1575076.9999999998	Plasma	7012025.0	1575077.0	False
sample_Sample_B_046_GC07_CAAAAG_R1_001_fastq	EXR-KJENS1RID1-AN	623279.0	Plasma	786699.0	623279.0	False
sample_Sample_B_046_GC09_GATCAG_combined_2_R1_001_fastq	EXR-KJENS1RID1-AN	8351.0	Plasma	144220.0	8351.0	True
sample_Sample_B_046_GC10_ACTTGA_R1_001_fastq	EXR-KJENS1RID1-AN	1151830.0	Plasma	7097829.0	1151830.0	False
sample_Sample_B_046_GC11_CAAAAG_R1_001_fastq	EXR-KJENS1RID1-AN	2354556.0000000005	Plasma	7391409.0	2354556.0	False
sample_Sample_B_046_GC15_CTTGTA_combined_3_R1_001_fastq	EXR-KJENS1RID1-AN	321807.0	Plasma	10406346.0	321807.0	False
sample_Sample_B_046_GC16_AGTTCC_combined_3_R1_001_fastq	EXR-KJENS1RID1-AN	426267.00000000006	Plasma	26023503.0	426267.0	False
sample_Sample_B_046_GC17_AGTCAA_combined_3_R1_001_fastq	EXR-KJENS1RID1-AN	670887.0	Plasma	11275394.0	670887.0	False
sample_Sample_B_048_GC07_AGTCAA_R1_001_fastq	EXR-KJENS1RID1-AN	1733758.0	Plasma	3719664.0	1733758.0	False
sample_Sample_B_048_GC08_GGTAGC_combined_4_R1_001_fastq	EXR-KJENS1RID1-AN	223786.00000000003	Plasma	5109516.0	223786.0	False
sample_Sample_B_048_GC14_TATAAT_combined_2_R1_001_fastq	EXR-KJENS1RID1-AN	637113.0	Plasma	666959.0	637113.0	False
sample_Sample_B_049_BC01_Yr2_CGTACG_combined_3_R1_001_fastq	EXR-KJENS1RID1-AN	204900.0	Plasma	5698668.0	204900.0	False
sample_Sample_B_049_GC02_Yr2_GTTTCG_R1_001_fastq	EXR-KJENS1RID1-AN	3681281.0	Plasma	8582039.0	3681281.0	False
sample_Sample_B_049_GC05_Yr2_CATGGC_R1_001_fastq	EXR-KJENS1RID1-AN	543259.0	Plasma	1147276.0	543259.0	False
sample_Sample_B_049_GC07_Yr2_CAGATC_R1_001_fastq	EXR-KJENS1RID1-AN	716336.9999999999	Plasma	7106440.0	716337.0	False
sample_Sample_B_049_GC09_Yr2_CACTCA_R1_001_fastq	EXR-KJENS1RID1-AN	2834505.0000000005	Plasma	8679546.0	2834505.0	False
sample_Sample_B_049_GC10_Yr2_ACTTGA_R1_001_fastq	EXR-KJENS1RID1-AN	1119706.0	Plasma	8690529.0	1119706.0	False
sample_Sample_B_049_GC11_Yr2_ATTCCT_R1_001_fastq	EXR-KJENS1RID1-AN	817685.9999999999	Plasma	4092702.0	817686.0	False
sample_Sample_B_170_PC02_CTAGCT_combined_2_R1_001_fastq	EXR-KJENS1RID1-AN	164456.99999999997	Plasma	4537754.0	164457.0	False
sample_Sample_B_201_BC01_Yr2_TCCCGA_R1_001_fastq	EXR-KJENS1RID1-AN	2428984.0	Plasma	6876985.0	2428984.0	False
sample_Sample_B_201_GC08_Yr2_CAGGCG_R1_001_fastq	EXR-KJENS1RID1-AN	833924.0	Plasma	9138109.0	833924.0	False
sample_Sample_B_201_GC10_Yr2_TATAAT_R1_001_fastq	EXR-KJENS1RID1-AN	894654.0	Plasma	4338183.0	894654.0	False
sample_Sample_B_203_BC01_Yr2_CGATGT_R1_001_fastq	EXR-KJENS1RID1-AN	444592.99999999994	Plasma	2436769.0	444593.0	False
sample_Sample_B_203_GC01_Yr2_CACGAT_R1_001_fastq	EXR-KJENS1RID1-AN	479969.00000000006	Plasma	4070064.0	479969.0	False
sample_Sample_B_203_GC02_Yr2_CAACTA_R1_001_fastq	EXR-KJENS1RID1-AN	2792357.0	Plasma	9209852.0	2792357.0	False
sample_Sample_B_203_GC03_Yr2_ATCACG_R1_001_fastq	EXR-KJENS1RID1-AN	510784.99999999994	Plasma	3717115.0	510785.0	False
sample_Sample_B_203_GC04_Yr2_CAGATC_R1_001_fastq	EXR-KJENS1RID1-AN	4036029.9999999995	Plasma	22712307.0	4036030.0	False
sample_Sample_B_203_GC06_Yr2_TATAAT_R1_001_fastq	EXR-KJENS1RID1-AN	2682303.9999999995	Plasma	10708683.0	2682304.0	False
sample_Sample_B_203_GC07_Yr2_CATTTT_combined_2_R1_001_fastq	EXR-KJENS1RID1-AN	999164.0000000001	Plasma	4233951.0	999164.0	False
sample_Sample_B_203_GC08_Yr2_CGATGT_R1_001_fastq	EXR-KJENS1RID1-AN	3142663.0	Plasma	14276792.0	3142663.0	False
sample_Sample_B_203_GC09_Yr2_CTCAGA_R1_001_fastq	EXR-KJENS1RID1-AN	2412948.0	Plasma	8904316.0	2412948.0	False
sample_Sample_B_204_BC01_Yr2_ATGAGC_R1_001_fastq	EXR-KJENS1RID1-AN	1296712.0	Plasma	5105505.0	1296712.0	False
sample_Sample_B_204_GC09_Yr2_GACGAC_combined_2_R1_001_fastq	EXR-KJENS1RID1-AN	501414.0	Plasma	3394415.0	501414.0	False
sample_Sample_B_205_BC01_Yr2_TCGGCA_R1_001_fastq	EXR-KJENS1RID1-AN	1563998.0	Plasma	4088274.0	1563998.0	False
sample_Sample_B_205_GC02_Yr2_GAGTGG_R1_001_fastq	EXR-KJENS1RID1-AN	650112.0	Plasma	3242084.0	650112.0	False
sample_Sample_B_206_BC01_Yr2_GGCTAC_R1_001_fastq	EXR-KJENS1RID1-AN	1807303.9999999998	Plasma	11216101.0	1807304.0	False
sample_Sample_B_206_GC06_Yr2_CGTACG_R1_001_fastq	EXR-KJENS1RID1-AN	1024282.0000000001	Plasma	6405076.0	1024282.0	False
sample_Sample_B_206_GC08_Yr2_TCCCGA_R1_001_fastq	EXR-KJENS1RID1-AN	2395422.0	Plasma	7865358.0	2395422.0	False
sample_Sample_B_206_GC09_Yr2_ATCACG_R1_001_fastq	EXR-KJENS1RID1-AN	2759715.0	Plasma	10978235.0	2759715.0	False
sample_Sample_B_206_GC10_Yr2_TCGAAG_R1_001_fastq	EXR-KJENS1RID1-AN	5846966.999999999	Plasma	17931114.0	5846967.0	False
sample_Sample_B_207_BC01_Yr2_GTTTCG_R1_001_fastq	EXR-KJENS1RID1-AN	2788990.0	Plasma	6902786.0	2788990.0	False
sample_Sample_B_207_GC03_Yr2_TGACCA_R1_001_fastq	EXR-KJENS1RID1-AN	27631186.0	Plasma	67565361.0	27631186.0	False
sample_Sample_B_208_BC01_Yr2_TGACCA_R1_001_fastq	EXR-KJENS1RID1-AN	1382847.0	Plasma	7678306.0	1382847.0	False
sample_Sample_B_209_BC01_Yr2_CACCGG_R1_001_fastq	EXR-KJENS1RID1-AN	1060275.0	Plasma	3867786.0	1060275.0	False
sample_Sample_B_210_BC01_Yr2_GTCCGC_R1_001_fastq	EXR-KJENS1RID1-AN	3082613.0	Plasma	11560829.0	3082613.0	False
sample_Sample_B_211_BC01_Yr2_GCCAAT_R1_001_fastq	EXR-KJENS1RID1-AN	4849045.999999999	Plasma	9973243.0	4849046.0	False
sample_Sample_B_212_BC01_Yr2_TCGGCA_R1_001_fastq	EXR-KJENS1RID1-AN	7571329.0	Plasma	13046608.0	7571329.0	False
sample_Sample_B_212_GC11_Yr2_TAGCTT_R1_001_fastq	EXR-KJENS1RID1-AN	5020683.0	Plasma	22318919.0	5020683.0	False
sample_Sample_B_213_BC01_Yr2_CATGGC_R1_001_fastq	EXR-KJENS1RID1-AN	631400.0000000001	Plasma	4951339.0	631400.0	False
sample_Sample_B_213_GC04_Yr2_TGACCA_R1_001_fastq	EXR-KJENS1RID1-AN	313471.00000000006	Plasma	2161195.0	313471.0	False
sample_Sample_B_214_BC01_Yr2_GGCTAC_R1_001_fastq	EXR-KJENS1RID1-AN	1981308.9999999998	Plasma	10469075.0	1981309.0	False
sample_Sample_B_215_GC12_Yr2_CTATAC_R1_001_fastq	EXR-KJENS1RID1-AN	1143315.9999999998	Plasma	4453887.0	1143316.0	False
sample_Sample_B_216_BC01_Yr2_CATTTT_R1_001_fastq	EXR-KJENS1RID1-AN	1369200.0	Plasma	3462227.0	1369200.0	False
sample_Sample_B_216_GC07_Yr2_GGTAGC_R1_001_fastq	EXR-KJENS1RID1-AN	848612.0000000001	Plasma	5547821.0	848612.0	False
sample_Sample_B_217_BC01_Yr2_CTCAGA_R1_001_fastq	EXR-KJENS1RID1-AN	9878656.0	Plasma	13766464.0	9878656.0	False
sample_Sample_B_218_BC01_Yr2_ATGAGC_R1_001_fastq	EXR-KJENS1RID1-AN	3231799.999999999	Plasma	10042843.0	3231800.0	False
sample_Sample_B_218_GC10_Yr2_GACGAC_R1_001_fastq	EXR-KJENS1RID1-AN	3007033.9999999995	Plasma	9447986.0	3007034.0	False
sample_Sample_B_219_BC01_Yr2_TCCCGA_R1_001_fastq	EXR-KJENS1RID1-AN	1004686.9999999999	Plasma	3967472.0	1004687.0	False
sample_Sample_B_219_GC02_Yr2_TATAAT_R1_001_fastq	EXR-KJENS1RID1-AN	6569708.0	Plasma	8674345.0	6569708.0	False
sample_Sample_B_220_BC01_Yr2_CCGTCC_R1_001_fastq	EXR-KJENS1RID1-AN	1088466.0	Plasma	6382898.0	1088466.0	False
sample_Sample_B_221_BC01_Yr2_CCAACA_R1_001_fastq	EXR-KJENS1RID1-AN	3177102.9999999995	Plasma	7679968.0	3177103.0	False
sample_Sample_B_221_GC01_Yr2_ATGTCA_R1_001_fastq	EXR-KJENS1RID1-AN	625006.0	Plasma	6748066.0	625006.0	False
sample_Sample_B_221_GC02_Yr2_GTAGAG_R1_001_fastq	EXR-KJENS1RID1-AN	440215.0	Plasma	3612832.0	440215.0	False
sample_Sample_B_221_GC04_Yr2_CCGTCC_R1_001_fastq	EXR-KJENS1RID1-AN	2934936.0000000005	Plasma	11393809.0	2934936.0	False
sample_Sample_B_221_GC05_Yr2_CACCGG_R1_001_fastq	EXR-KJENS1RID1-AN	894762.0	Plasma	1251945.0	894762.0	False
sample_Sample_B_221_GC06_Yr2_CGGAAT_R1_001_fastq	EXR-KJENS1RID1-AN	3588194.0000000005	Plasma	11114755.0	3588194.0	False
sample_Sample_B_221_GC07_Yr2_GACGAC_R1_001_fastq	EXR-KJENS1RID1-AN	2117274.0	Plasma	7027423.0	2117274.0	False
sample_Sample_B_221_GC09_Yr2_TCATTC_R1_001_fastq	EXR-KJENS1RID1-AN	900256.0	Plasma	3135198.0	900256.0	False
sample_Sample_B_221_GC10_Yr2_CTCAGA_R1_001_fastq	EXR-KJENS1RID1-AN	2382457.0	Plasma	6965848.0	2382457.0	False
sample_Sample_B_221_GC11_Yr2_ATGTCA_R1_001_fastq	EXR-KJENS1RID1-AN	2362048.0000000005	Plasma	12788144.0	2362048.0	False
sample_Sample_B_222_BC01_Yr2_CTAGCT_R1_001_fastq	EXR-KJENS1RID1-AN	1421276.0	Plasma	9075048.0	1421276.0	False
sample_Sample_B_223_BC01_Yr2_ACTTGA_R1_001_fastq	EXR-KJENS1RID1-AN	3024410.0	Plasma	22329133.0	3024410.0	False
sample_Sample_B_223_BC01_Yr2_TAGCTT_combined_2_R1_001_fastq	EXR-KJENS1RID1-AN	965715.0000000001	Plasma	6017813.0	965715.0	False
sample_Sample_B_223_GC08_Yr2_AGTTCC_R1_001_fastq	EXR-KJENS1RID1-AN	5613350.000000001	Plasma	24840289.0	5613350.0	False
sample_Sample_B_224_BC01_Yr2_GGTAGC_R1_001_fastq	EXR-KJENS1RID1-AN	1200030.0	Plasma	1945721.0	1200030.0	False
sample_Sample_B_224_GC06_Yr2_GATCAG_R1_001_fastq	EXR-KJENS1RID1-AN	1021897.0	Plasma	10019360.0	1021897.0	False
sample_Sample_B_226_BC01_Yr2_CACCGG_R1_001_fastq	EXR-KJENS1RID1-AN	1048790.0	Plasma	2669623.0	1048790.0	False
sample_Sample_B_226_GC01_Yr2_CTAGCT_R1_001_fastq	EXR-KJENS1RID1-AN	1693972.0000000002	Plasma	6835394.0	1693972.0	False
sample_Sample_B_226_GC08_Yr2_AGTCAA_R1_001_fastq	EXR-KJENS1RID1-AN	723585.0	Plasma	9345767.0	723585.0	False
sample_Sample_B_226_GC11_Yr2_CTTGTA_R1_001_fastq	EXR-KJENS1RID1-AN	1560522.0	Plasma	11022392.0	1560522.0	False
sample_Sample_B_226_GC12_Yr2_GTCCGC_R1_001_fastq	EXR-KJENS1RID1-AN	3625131.0	Plasma	15750655.0	3625131.0	False
sample_Sample_B_227_BC01_Yr2_CTTGTA_R1_001_fastq	EXR-KJENS1RID1-AN	3466105.9999999995	Plasma	9563995.0	3466106.0	False
sample_Sample_B_227_GC01_Yr2_CAGGCG_R1_001_fastq	EXR-KJENS1RID1-AN	1186445.9999999998	Plasma	3817279.0	1186446.0	False
sample_Sample_B_227_GC04_Yr2_CATGGC_R1_001_fastq	EXR-KJENS1RID1-AN	3120520.9999999995	Plasma	9132808.0	3120521.0	False
sample_Sample_B_227_GC06_Yr2_ACTGAT_R1_001_fastq	EXR-KJENS1RID1-AN	1470398.0	Plasma	8405071.0	1470398.0	False
sample_Sample_B_227_GC08_Yr2_GCCAAT_R1_001_fastq	EXR-KJENS1RID1-AN	571424.9999999999	Plasma	3303295.0	571425.0	False
sample_Sample_B_227_GC10_Yr2_ACTTGA_R1_001_fastq	EXR-KJENS1RID1-AN	874763.0	Plasma	7975405.0	874763.0	False
sample_Sample_B_227_GC11_Yr2_GCCAAT_R1_001_fastq	EXR-KJENS1RID1-AN	1232056.0	Plasma	6538017.0	1232056.0	False
sample_Sample_B_227_GC12_Yr2_GTGAAA_R1_001_fastq	EXR-KJENS1RID1-AN	274811.00000000006	Plasma	1404834.0	274811.0	False
sample_Sample_B_228_GC03_Yr2_TTAGGC_R1_001_fastq	EXR-KJENS1RID1-AN	2934892.0	Plasma	11426868.0	2934892.0	False
sample_Sample_S_001_PC02_TCGAAG_combined_3_R1_001_fastq	EXR-KJENS1RID1-AN	6442.0	Saliva	4578974.0	6442.0	True
sample_Sample_S_002_PC02_CACGAT_combined_3_R1_001_fastq	EXR-KJENS1RID1-AN	39931.0	Saliva	6059441.0	39931.0	True
sample_Sample_S_004_BC01_CACTCA_combined_3_R1_001_fastq	EXR-KJENS1RID1-AN	76655.0	Saliva	4389058.0	76655.0	True
sample_Sample_S_004_GC11_GGTAGC_combined_3_R1_001_fastq	EXR-KJENS1RID1-AN	13514.0	Saliva	5275628.0	13514.0	True
sample_Sample_S_004_GC12_CACCGG_combined_3_R1_001_fastq	EXR-KJENS1RID1-AN	80190.00000000001	Saliva	4931661.0	80190.0	True
sample_Sample_S_005_BC01_CAAAAG_combined_3_R1_001_fastq	EXR-KJENS1RID1-AN	35730.0	Saliva	4771782.0	35730.0	True
sample_Sample_S_005_GC07_CAGATC_combined_4_R1_001_fastq	EXR-KJENS1RID1-AN	29645.999999999996	Saliva	12916201.0	29646.0	True
sample_Sample_S_006_BC01_CAGGCG_combined_4_R1_001_fastq	EXR-KJENS1RID1-AN	29139.0	Saliva	20181722.0	29139.0	True
sample_Sample_S_006_GC06_CCGTCC_combined_3_R1_001_fastq	EXR-KJENS1RID1-AN	8331.0	Saliva	4817156.0	8331.0	True
sample_Sample_S_006_GC07_GTAGAG_combined_3_R1_001_fastq	EXR-KJENS1RID1-AN	133702.0	Saliva	6527522.0	133702.0	False
sample_Sample_S_006_GC11_CACGAT_R1_001_fastq	EXR-KJENS1RID1-AN	84510.99999999999	Saliva	8220859.0	84511.0	True
sample_Sample_S_007_BC01_CTATAC_combined_4_R1_001_fastq	EXR-KJENS1RID1-AN	97023.0	Saliva	18986014.0	97023.0	True
sample_Sample_S_007_GC05_TAATCG_combined_4_R1_001_fastq	EXR-KJENS1RID1-AN	42324.0	Saliva	16352273.0	42324.0	True
sample_Sample_S_007_GC07_ATCACG_combined_3_R1_001_fastq	EXR-KJENS1RID1-AN	20001.999999999996	Saliva	14170053.0	20002.0	True
sample_Sample_S_007_GC10_TATAAT_combined_3_R1_001_fastq	EXR-KJENS1RID1-AN	26350.999999999996	Saliva	5125818.0	26351.0	True
sample_Sample_S_007_PC02_TACAGC_combined_3_R1_001_fastq	EXR-KJENS1RID1-AN	11908.0	Saliva	5933195.0	11908.0	True
sample_Sample_S_011_BC01_ATGAGC_combined_4_R1_001_fastq	EXR-KJENS1RID1-AN	35463.0	Saliva	22462532.0	35463.0	True
sample_Sample_S_011_GC07_CACCGG_combined_3_R1_001_fastq	EXR-KJENS1RID1-AN	311960.00000000006	Saliva	53875495.0	311960.0	False
sample_Sample_S_013_BC01_TATAAT_combined_2_R1_001_fastq	EXR-KJENS1RID1-AN	105939.0	Saliva	9633104.0	105939.0	False
sample_Sample_S_013_GC15_CAAAAG_combined_2_R1_001_fastq	EXR-KJENS1RID1-AN	326299.00000000006	Saliva	12489001.0	326299.0	False
sample_Sample_S_014_BC01_CAACTA_combined_3_R1_001_fastq	EXR-KJENS1RID1-AN	3272.0	Saliva	6319697.0	3272.0	True
sample_Sample_S_014_GC06_AGTTCC_combined_3_R1_001_fastq	EXR-KJENS1RID1-AN	32890.00000000001	Saliva	6304425.0	32890.0	True
sample_Sample_S_022_BC01_CGATGT_combined_3_R1_001_fastq	EXR-KJENS1RID1-AN	497298.99999999994	Saliva	13110098.0	497299.0	False
sample_Sample_S_022_GC17_GTGAAA_combined_3_R1_001_fastq	EXR-KJENS1RID1-AN	103480.99999999999	Saliva	20422479.0	103481.0	False
sample_Sample_S_023_PC02_TCGGCA_combined_3_R1_001_fastq	EXR-KJENS1RID1-AN	9020.0	Saliva	5858697.0	9020.0	True
sample_Sample_S_024_PC02_TCATTC_combined_3_R1_001_fastq	EXR-KJENS1RID1-AN	6796.999999999999	Saliva	6168018.0	6797.0	True
sample_Sample_S_031_BC01_GAGTGG_combined_2_R1_001_fastq	EXR-KJENS1RID1-AN	422126.0	Saliva	24534288.0	422126.0	False
sample_Sample_S_031_BC01_Yr2_CACGAT_combined_3_R1_001_fastq	EXR-KJENS1RID1-AN	108460.0	Saliva	15854999.0	108460.0	False
sample_Sample_S_031_GC16_GACGAC_R1_001_fastq	EXR-KJENS1RID1-AN	63722.0	Saliva	7451149.0	63722.0	True
sample_Sample_S_039_BC01_TAATCG_combined_3_R1_001_fastq	EXR-KJENS1RID1-AN	17946.0	Saliva	9134636.0	17946.0	True
sample_Sample_S_039_GC06_CGGAAT_combined_2_R1_001_fastq	EXR-KJENS1RID1-AN	1984.0	Saliva	7457636.0	1984.0	True
sample_Sample_S_042_BC01_CACCGG_combined_2_R1_001_fastq	EXR-KJENS1RID1-AN	293695.0	Saliva	28710693.0	293695.0	False
sample_Sample_S_044_BC01_CGTACG_combined_4_R1_001_fastq	EXR-KJENS1RID1-AN	20944.999999999996	Saliva	33923084.0	20945.0	True
sample_Sample_S_044_GC16_CATGGC_combined_4_R1_001_fastq	EXR-KJENS1RID1-AN	50396.0	Saliva	11896305.0	50396.0	True
sample_Sample_S_045_BC01_TACAGC_combined_4_R1_001_fastq	EXR-KJENS1RID1-AN	34385.0	Saliva	12706062.0	34385.0	True
sample_Sample_S_045_GC14_CACCGG_combined_4_R1_001_fastq	EXR-KJENS1RID1-AN	89402.99999999999	Saliva	76903090.0	89403.0	True
sample_Sample_S_046_GC07_CTATAC_combined_3_R1_001_fastq	EXR-KJENS1RID1-AN	17536.000000000004	Saliva	8287345.0	17536.0	True
sample_Sample_S_046_GC09_TCATTC_combined_2_R1_001_fastq	EXR-KJENS1RID1-AN	178077.0	Saliva	27579498.0	178077.0	False
sample_Sample_S_046_GC10_CAACTA_combined_2_R1_001_fastq	EXR-KJENS1RID1-AN	140495.0	Saliva	21765336.0	140495.0	False
sample_Sample_S_046_GC11_CAGGCG_combined_3_R1_001_fastq	EXR-KJENS1RID1-AN	770.0	Saliva	14365.0	770.0	True
sample_Sample_S_048_GC07_TCCCGA_combined_4_R1_001_fastq	EXR-KJENS1RID1-AN	128135.0	Saliva	18435404.0	128135.0	False
sample_Sample_S_048_GC08_CGATGT_combined_4_R1_001_fastq	EXR-KJENS1RID1-AN	88132.0	Saliva	22480566.0	88132.0	True
sample_Sample_S_048_GC14_CTAGCT_combined_4_R1_001_fastq	EXR-KJENS1RID1-AN	28693.0	Saliva	22228664.0	28693.0	True
sample_Sample_S_170_PC02_TCCCGA_combined_3_R1_001_fastq	EXR-KJENS1RID1-AN	9615.0	Saliva	2329708.0	9615.0	True
sample_Sample_S_223_BC01_Yr2_CACTCA_combined_3_R1_001_fastq	EXR-KJENS1RID1-AN	87518.00000000001	Saliva	15475510.0	87518.0	True
sample_Sample_U_001_PC02_CGATGT_combined_3_R1_001_fastq	EXR-KJENS1RID1-AN	130920.0	Urine	7749904.0	130920.0	False
sample_Sample_U_002_PC02_ACAGTG_combined_3_R1_001_fastq	EXR-KJENS1RID1-AN	369480.99999999994	Urine	4314189.0	369481.0	False
sample_Sample_U_004_BC01_GAGTGG_combined_3_R1_001_fastq	EXR-KJENS1RID1-AN	131772.0	Urine	5685916.0	131772.0	False
sample_Sample_U_004_GC11_TTAGGC_combined_3_R1_001_fastq	EXR-KJENS1RID1-AN	29449.0	Urine	12996882.0	29449.0	True
sample_Sample_U_004_GC12_GTGGCC_combined_3_R1_001_fastq	EXR-KJENS1RID1-AN	214512.0	Urine	6055951.0	214512.0	False
sample_Sample_U_005_BC01_CTCAGA_combined_3_R1_001_fastq	EXR-KJENS1RID1-AN	236138.0	Urine	4630601.0	236138.0	False
sample_Sample_U_005_GC07_CAACTA_combined_2_R1_001_fastq	EXR-KJENS1RID1-AN	357224.0	Urine	12740154.0	357224.0	False
sample_Sample_U_006_BC01_CGGAAT_combined_4_R1_001_fastq	EXR-KJENS1RID1-AN	126299.0	Urine	18876123.0	126299.0	False
sample_Sample_U_006_GC06_ATCACG_combined_3_R1_001_fastq	EXR-KJENS1RID1-AN	68781.0	Urine	7384060.0	68781.0	True
sample_Sample_U_006_GC07_AGTCAA_combined_2_R1_001_fastq	EXR-KJENS1RID1-AN	119494.99999999999	Urine	23194360.0	119495.0	False
sample_Sample_U_006_GC11_ATTCCT_combined_3_R1_001_fastq	EXR-KJENS1RID1-AN	1638086.9999999998	Urine	21682576.0	1638087.0	False
sample_Sample_U_007_BC01_TCGGCA_combined_4_R1_001_fastq	EXR-KJENS1RID1-AN	194382.0	Urine	18002737.0	194382.0	False
sample_Sample_U_007_GC05_ACTGAT_combined_4_R1_001_fastq	EXR-KJENS1RID1-AN	223026.0	Urine	9559712.0	223026.0	False
sample_Sample_U_007_GC07_CGTACG_combined_3_R1_001_fastq	EXR-KJENS1RID1-AN	8312.0	Urine	4000566.0	8312.0	True
sample_Sample_U_007_GC10_ACTGAT_combined_3_R1_001_fastq	EXR-KJENS1RID1-AN	82017.00000000001	Urine	12501532.0	82017.0	True
sample_Sample_U_007_PC02_TTAGGC_combined_3_R1_001_fastq	EXR-KJENS1RID1-AN	20244.0	Urine	6660601.0	20244.0	True
sample_Sample_U_008_BC01_Yr2_TATAAT_combined_2_R1_001_fastq	EXR-KJENS1RID1-AN	140444.00000000003	Urine	10922433.0	140444.0	False
sample_Sample_U_008_GC06_Yr2_CTATAC_R1_001_fastq	EXR-KJENS1RID1-AN	144687.00000000003	Urine	10018513.0	144687.0	False
sample_Sample_U_008_GC08_Yr2_GTGAAA_combined_2_R1_001_fastq	EXR-KJENS1RID1-AN	90625.0	Urine	8151189.0	90625.0	True
sample_Sample_U_010_GC02_Yr2_TACAGC_R1_001_fastq	EXR-KJENS1RID1-AN	18904.999999999993	Urine	8150991.0	18905.0	True
sample_Sample_U_010_GC03_Yr2_CAGATC_combined_2_R1_001_fastq	EXR-KJENS1RID1-AN	126280.00000000001	Urine	11847708.0	126280.0	False
sample_Sample_U_010_GC05_Yr2_ATCACG_R1_001_fastq	EXR-KJENS1RID1-AN	238972.0	Urine	4752874.0	238972.0	False
sample_Sample_U_010_GC06_Yr2_CAGATC_R1_001_fastq	EXR-KJENS1RID1-AN	134948.0	Urine	2161828.0	134948.0	False
sample_Sample_U_010_GC07_Yr2_CCAACA_R1_001_fastq	EXR-KJENS1RID1-AN	396172.99999999994	Urine	2234224.0	396173.0	False
sample_Sample_U_011_BC01_CACTCA_combined_2_R1_001_fastq	EXR-KJENS1RID1-AN	159897.0	Urine	13404074.0	159897.0	False
sample_Sample_U_011_GC02_Yr2_AGTCAA_R1_001_fastq	EXR-KJENS1RID1-AN	8548.0	Urine	8609594.0	8548.0	True
sample_Sample_U_011_GC03_Yr2_AGTTCC_R1_001_fastq	EXR-KJENS1RID1-AN	30564.000000000004	Urine	6528060.0	30564.0	True
sample_Sample_U_011_GC05_Yr2_ACTTGA_R1_001_fastq	EXR-KJENS1RID1-AN	114143.00000000001	Urine	11404401.0	114143.0	False
sample_Sample_U_011_GC06_Yr2_GTAGAG_R1_001_fastq	EXR-KJENS1RID1-AN	78497.0	Urine	5602059.0	78497.0	True
sample_Sample_U_011_GC07_GAGTGG_combined_4_R1_001_fastq	EXR-KJENS1RID1-AN	29815.999999999996	Urine	21150926.0	29816.0	True
sample_Sample_U_011_GC07_Yr2_GTCCGC_R1_001_fastq	EXR-KJENS1RID1-AN	369649.0	Urine	3747237.0	369649.0	False
sample_Sample_U_011_GC08_Yr2_CGATGT_R1_001_fastq	EXR-KJENS1RID1-AN	434336.0	Urine	8382174.0	434336.0	False
sample_Sample_U_013_BC01_ATTCCT_R1_001_fastq	EXR-KJENS1RID1-AN	990283.9999999999	Urine	9029830.0	990284.0	False
sample_Sample_U_013_GC02_Yr2_TCCCGA_R1_001_fastq	EXR-KJENS1RID1-AN	15696.0	Urine	9038921.0	15696.0	True
sample_Sample_U_013_GC03_Yr2_GTTTCG_R1_001_fastq	EXR-KJENS1RID1-AN	16514.0	Urine	3979015.0	16514.0	True
sample_Sample_U_013_GC06_Yr2_CAAAAG_R1_001_fastq	EXR-KJENS1RID1-AN	157349.0	Urine	5906730.0	157349.0	False
sample_Sample_U_013_GC07_Yr2_CTATAC_R1_001_fastq	EXR-KJENS1RID1-AN	8593.0	Urine	5320883.0	8593.0	True
sample_Sample_U_013_GC08_Yr2_TGACCA_R1_001_fastq	EXR-KJENS1RID1-AN	42424.0	Urine	491725.0	42424.0	True
sample_Sample_U_013_GC15_ATCACG_combined_2_R1_001_fastq	EXR-KJENS1RID1-AN	397982.0	Urine	17630537.0	397982.0	False
sample_Sample_U_014_BC01_GACGAC_combined_3_R1_001_fastq	EXR-KJENS1RID1-AN	213942.0	Urine	4560997.0	213942.0	False
sample_Sample_U_014_BC01_Yr2_CCAACA_R1_001_fastq	EXR-KJENS1RID1-AN	5213.0	Urine	3197544.0	5213.0	True
sample_Sample_U_014_GC02_Yr2_TTAGGC_combined_2_R1_001_fastq	EXR-KJENS1RID1-AN	130472.99999999999	Urine	10647332.0	130473.0	False
sample_Sample_U_014_GC05_Yr2_ATGTCA_R1_001_fastq	EXR-KJENS1RID1-AN	294856.0	Urine	10065835.0	294856.0	False
sample_Sample_U_014_GC06_GTTTCG_combined_3_R1_001_fastq	EXR-KJENS1RID1-AN	62180.0	Urine	8410896.0	62180.0	True
sample_Sample_U_014_GC06_Yr2_CACTCA_R1_001_fastq	EXR-KJENS1RID1-AN	19841.0	Urine	4599091.0	19841.0	True
sample_Sample_U_015_BC01_Yr2_GTGGCC_R1_001_fastq	EXR-KJENS1RID1-AN	85500.0	Urine	3708792.0	85500.0	True
sample_Sample_U_019_GC02_Yr2_CACTCA_R1_001_fastq	EXR-KJENS1RID1-AN	757325.0000000001	Urine	5313928.0	757325.0	False
sample_Sample_U_019_GC03_Yr2_CGTACG_R1_001_fastq	EXR-KJENS1RID1-AN	22298.999999999996	Urine	4803625.0	22299.0	True
sample_Sample_U_019_GC05_Yr2_CAGATC_R1_001_fastq	EXR-KJENS1RID1-AN	447910.99999999994	Urine	5427181.0	447911.0	False
sample_Sample_U_022_BC01_CCAACA_combined_3_R1_001_fastq	EXR-KJENS1RID1-AN	448862.99999999994	Urine	7643371.0	448863.0	False
sample_Sample_U_022_BC01_Yr2_CGTACG_R1_001_fastq	EXR-KJENS1RID1-AN	326279.99999999994	Urine	4869935.0	326280.0	False
sample_Sample_U_022_GC02_Yr2_CGGAAT_R1_001_fastq	EXR-KJENS1RID1-AN	16865.999999999996	Urine	3300445.0	16866.0	True
sample_Sample_U_022_GC03_Yr2_CAGATC_combined_2_R1_001_fastq	EXR-KJENS1RID1-AN	121894.0	Urine	15732996.0	121894.0	False
sample_Sample_U_022_GC06_Yr2_GATCAG_R1_001_fastq	EXR-KJENS1RID1-AN	342076.0	Urine	35742922.0	342076.0	False
sample_Sample_U_022_GC07_Yr2_ATCACG_R1_001_fastq	EXR-KJENS1RID1-AN	103630.0	Urine	5914335.0	103630.0	False
sample_Sample_U_022_GC08_Yr2_GCCAAT_R1_001_fastq	EXR-KJENS1RID1-AN	19681.0	Urine	1996399.0	19681.0	True
sample_Sample_U_022_GC17_GCCAAT_combined_3_R1_001_fastq	EXR-KJENS1RID1-AN	112619.0	Urine	13176037.0	112619.0	False
sample_Sample_U_023_PC02_ACTTGA_combined_3_R1_001_fastq	EXR-KJENS1RID1-AN	40381.0	Urine	19097885.0	40381.0	True
sample_Sample_U_024_GC02_Yr2_GATCAG_R1_001_fastq	EXR-KJENS1RID1-AN	352560.0	Urine	5434923.0	352560.0	False
sample_Sample_U_024_GC03_Yr2_CACCGG_R1_001_fastq	EXR-KJENS1RID1-AN	20537.999999999996	Urine	362887.0	20538.0	True
sample_Sample_U_024_GC06_Yr2_ACTTGA_combined_2_R1_001_fastq	EXR-KJENS1RID1-AN	173920.0	Urine	5510334.0	173920.0	False
sample_Sample_U_024_GC07_Yr2_ACTGAT_R1_001_fastq	EXR-KJENS1RID1-AN	534562.0	Urine	2953258.0	534562.0	False
sample_Sample_U_024_GC08_Yr2_CAGATC_R1_001_fastq	EXR-KJENS1RID1-AN	89928.99999999999	Urine	341658.0	89929.0	True
sample_Sample_U_024_PC02_GTAGAG_combined_2_R1_001_fastq	EXR-KJENS1RID1-AN	601915.0	Urine	7874021.0	601915.0	False
sample_Sample_U_025_GC03_Yr2_TTAGGC_R1_001_fastq	EXR-KJENS1RID1-AN	22900.0	Urine	2871708.0	22900.0	True
sample_Sample_U_025_GC06_Yr2_CGGAAT_R1_001_fastq	EXR-KJENS1RID1-AN	90653.0	Urine	5204437.0	90653.0	True
sample_Sample_U_025_GC07_Yr2_TCCCGA_R1_001_fastq	EXR-KJENS1RID1-AN	24968.999999999996	Urine	5571216.0	24969.0	True
sample_Sample_U_025_GC08_Yr2_CACCGG_R1_001_fastq	EXR-KJENS1RID1-AN	129939.00000000001	Urine	5874009.0	129939.0	False
sample_Sample_U_029_BC01_Yr2_CAGGCG_R1_001_fastq	EXR-KJENS1RID1-AN	1811.0	Urine	248102.0	1811.0	True
sample_Sample_U_029_GC02_Yr2_CTAGCT_combined_2_R1_001_fastq	EXR-KJENS1RID1-AN	123557.0	Urine	11606875.0	123557.0	False
sample_Sample_U_029_GC03_Yr2_CAGGCG_R1_001_fastq	EXR-KJENS1RID1-AN	10110.0	Urine	8153736.0	10110.0	True
sample_Sample_U_029_GC05_Yr2_TTAGGC_R1_001_fastq	EXR-KJENS1RID1-AN	108510.00000000001	Urine	4682089.0	108510.0	False
sample_Sample_U_029_GC06_Yr2_CATGGC_R1_001_fastq	EXR-KJENS1RID1-AN	6043.0	Urine	3287593.0	6043.0	True
sample_Sample_U_029_GC07_Yr2_TCATTC_combined_2_R1_001_fastq	EXR-KJENS1RID1-AN	95395.0	Urine	11626175.0	95395.0	True
sample_Sample_U_029_GC08_Yr2_CCGTCC_R1_001_fastq	EXR-KJENS1RID1-AN	84294.0	Urine	15078569.0	84294.0	True
sample_Sample_U_030_BC01_Yr2_CACTCA_R1_001_fastq	EXR-KJENS1RID1-AN	1855.0	Urine	93953.0	1855.0	True
sample_Sample_U_030_GC02_Yr2_CTCAGA_combined_2_R1_001_fastq	EXR-KJENS1RID1-AN	122174.99999999999	Urine	14202218.0	122175.0	False
sample_Sample_U_030_GC03_Yr2_ACTTGA_combined_2_R1_001_fastq	EXR-KJENS1RID1-AN	143078.00000000003	Urine	14034069.0	143078.0	False
sample_Sample_U_030_GC05_Yr2_GTGGCC_R1_001_fastq	EXR-KJENS1RID1-AN	578663.0	Urine	12541778.0	578663.0	False
sample_Sample_U_030_GC07_Yr2_TAATCG_R1_001_fastq	EXR-KJENS1RID1-AN	181340.00000000003	Urine	3775417.0	181340.0	False
sample_Sample_U_030_GC08_Yr2_CATTTT_R1_001_fastq	EXR-KJENS1RID1-AN	152543.00000000003	Urine	2366628.0	152543.0	False
sample_Sample_U_031_BC01_ATGAGC_R1_001_fastq	EXR-KJENS1RID1-AN	594045.0	Urine	21587358.0	594045.0	False
sample_Sample_U_031_BC01_Yr2_GCCAAT_combined_3_R1_001_fastq	EXR-KJENS1RID1-AN	355952.0	Urine	12525139.0	355952.0	False
sample_Sample_U_031_GC08_Yr2_GGCTAC_R1_001_fastq	EXR-KJENS1RID1-AN	7679.0	Urine	511071.0	7679.0	True
sample_Sample_U_031_GC16_GGTAGC_R1_001_fastq	EXR-KJENS1RID1-AN	56341.99999999999	Urine	5067610.0	56342.0	True
sample_Sample_U_036_BC01_Yr2_CAACTA_R1_001_fastq	EXR-KJENS1RID1-AN	34274.0	Urine	6452427.0	34274.0	True
sample_Sample_U_036_GC06_Yr2_CGATGT_R1_001_fastq	EXR-KJENS1RID1-AN	257933.0	Urine	8294419.0	257933.0	False
sample_Sample_U_036_GC08_Yr2_ATGAGC_combined_2_R1_001_fastq	EXR-KJENS1RID1-AN	103356.99999999999	Urine	10580278.0	103357.0	False
sample_Sample_U_039_BC01_ACTGAT_combined_2_R1_001_fastq	EXR-KJENS1RID1-AN	5195.0	Urine	653231.0	5195.0	True
sample_Sample_U_039_GC02_Yr2_ATCACG_combined_2_R1_001_fastq	EXR-KJENS1RID1-AN	186722.0	Urine	10011059.0	186722.0	False
sample_Sample_U_039_GC06_CAGATC_combined_3_R1_001_fastq	EXR-KJENS1RID1-AN	240241.0	Urine	6262052.0	240241.0	False
sample_Sample_U_039_GC07_Yr2_ATTCCT_R1_001_fastq	EXR-KJENS1RID1-AN	279202.0	Urine	7681764.0	279202.0	False
sample_Sample_U_042_BC01_CTATAC_combined_3_R1_001_fastq	EXR-KJENS1RID1-AN	25438.000000000004	Urine	9158628.0	25438.0	True
sample_Sample_U_044_BC01_GGCTAC_combined_4_R1_001_fastq	EXR-KJENS1RID1-AN	25591.999999999996	Urine	18770448.0	25592.0	True
sample_Sample_U_044_GC16_TCATTC_combined_4_R1_001_fastq	EXR-KJENS1RID1-AN	47649.0	Urine	20351726.0	47649.0	True
sample_Sample_U_045_BC01_TCGAAG_combined_4_R1_001_fastq	EXR-KJENS1RID1-AN	114225.0	Urine	17811532.0	114225.0	False
sample_Sample_U_045_BC01_Yr2_ACTGAT_combined_2_R1_001_fastq	EXR-KJENS1RID1-AN	92260.0	Urine	19518666.0	92260.0	True
sample_Sample_U_045_GC02_Yr2_GTCCGC_R1_001_fastq	EXR-KJENS1RID1-AN	10041.0	Urine	8681921.0	10041.0	True
sample_Sample_U_045_GC03_Yr2_GAGTGG_R1_001_fastq	EXR-KJENS1RID1-AN	3291.0	Urine	2373721.0	3291.0	True
sample_Sample_U_045_GC05_Yr2_GGTAGC_R1_001_fastq	EXR-KJENS1RID1-AN	16199.0	Urine	7846949.0	16199.0	True
sample_Sample_U_045_GC06_Yr2_GAGTGG_R1_001_fastq	EXR-KJENS1RID1-AN	3210.9999999999995	Urine	454645.0	3211.0	True
sample_Sample_U_045_GC07_Yr2_TAGCTT_combined_2_R1_001_fastq	EXR-KJENS1RID1-AN	205407.00000000003	Urine	6450704.0	205407.0	False
sample_Sample_U_045_GC08_Yr2_GCCAAT_R1_001_fastq	EXR-KJENS1RID1-AN	16414.0	Urine	9063028.0	16414.0	True
sample_Sample_U_045_GC14_CACTCA_combined_4_R1_001_fastq	EXR-KJENS1RID1-AN	46497.0	Urine	23883146.0	46497.0	True
sample_Sample_U_046_GC07_ATTCCT_combined_3_R1_001_fastq	EXR-KJENS1RID1-AN	29959.0	Urine	6241841.0	29959.0	True
sample_Sample_U_046_GC09_ATTCCT_combined_2_R1_001_fastq	EXR-KJENS1RID1-AN	138406.0	Urine	6908904.0	138406.0	False
sample_Sample_U_046_GC10_CTCAGA_combined_2_R1_001_fastq	EXR-KJENS1RID1-AN	55468.99999999999	Urine	6340632.0	55469.0	True
sample_Sample_U_046_GC11_CCAACA_combined_2_R1_001_fastq	EXR-KJENS1RID1-AN	148841.99999999997	Urine	11094821.0	148842.0	False
sample_Sample_U_048_GC07_CACGAT_combined_4_R1_001_fastq	EXR-KJENS1RID1-AN	43203.0	Urine	9040066.0	43203.0	True
sample_Sample_U_048_GC08_GTTTCG_combined_4_R1_001_fastq	EXR-KJENS1RID1-AN	116681.0	Urine	10490511.0	116681.0	False
sample_Sample_U_048_GC14_CATTTT_combined_4_R1_001_fastq	EXR-KJENS1RID1-AN	248056.0	Urine	23372493.0	248056.0	False
sample_Sample_U_049_BC01_Yr2_CTAGCT_combined_2_R1_001_fastq	EXR-KJENS1RID1-AN	801542.0	Urine	51908671.0	801542.0	False
sample_Sample_U_049_GC02_Yr2_ACAGTG_R1_001_fastq	EXR-KJENS1RID1-AN	122248.0	Urine	5021080.0	122248.0	False
sample_Sample_U_049_GC03_Yr2_CAACTA_R1_001_fastq	EXR-KJENS1RID1-AN	104111.0	Urine	5115673.0	104111.0	False
sample_Sample_U_049_GC05_Yr2_ACAGTG_R1_001_fastq	EXR-KJENS1RID1-AN	130501.0	Urine	6713064.0	130501.0	False
sample_Sample_U_049_GC07_Yr2_CTTGTA_R1_001_fastq	EXR-KJENS1RID1-AN	36337.00000000001	Urine	41762965.0	36337.0	True
sample_Sample_U_049_GC08_Yr2_CTTGTA_R1_001_fastq	EXR-KJENS1RID1-AN	735516.0000000001	Urine	8004798.0	735516.0	False
sample_Sample_U_049_PC01_Yr2_CACCGG_R1_001_fastq	EXR-KJENS1RID1-AN	485011.0	Urine	6650357.0	485011.0	False
sample_Sample_U_170_PC02_TAGCTT_combined_3_R1_001_fastq	EXR-KJENS1RID1-AN	696152.0000000001	Urine	6148985.0	696152.0	False
sample_Sample_U_201_BC01_Yr2_GATCAG_R1_001_fastq	EXR-KJENS1RID1-AN	112636.0	Urine	6520720.0	112636.0	False
sample_Sample_U_201_GC02_Yr2_CACGAT_R1_001_fastq	EXR-KJENS1RID1-AN	28877.999999999996	Urine	8898179.0	28878.0	True
sample_Sample_U_201_GC03_Yr2_CACGAT_combined_2_R1_001_fastq	EXR-KJENS1RID1-AN	112447.99999999999	Urine	10879822.0	112448.0	False
sample_Sample_U_201_GC06_Yr2_CATGGC_R1_001_fastq	EXR-KJENS1RID1-AN	218993.99999999997	Urine	12417389.0	218994.0	False
sample_Sample_U_201_GC07_Yr2_GGCTAC_R1_001_fastq	EXR-KJENS1RID1-AN	27192.0	Urine	1907185.0	27192.0	True
sample_Sample_U_201_GC08_Yr2_TGACCA_combined_2_R1_001_fastq	EXR-KJENS1RID1-AN	99238.0	Urine	7866076.0	99238.0	True
sample_Sample_U_202_BC01_Yr2_GGCTAC_combined_2_R1_001_fastq	EXR-KJENS1RID1-AN	123268.99999999999	Urine	9525977.0	123269.0	False
sample_Sample_U_202_GC02_Yr2_TCGAAG_R1_001_fastq	EXR-KJENS1RID1-AN	97769.0	Urine	2973396.0	97769.0	True
sample_Sample_U_202_GC03_Yr2_GTAGAG_R1_001_fastq	EXR-KJENS1RID1-AN	171560.0	Urine	3330796.0	171560.0	False
sample_Sample_U_202_GC08_Yr2_ACAGTG_R1_001_fastq	EXR-KJENS1RID1-AN	21854.0	Urine	5740590.0	21854.0	True
sample_Sample_U_202_PC01_Yr2_GCCAAT_combined_2_R1_001_fastq	EXR-KJENS1RID1-AN	73986.0	Urine	18297420.0	73986.0	True
sample_Sample_U_203_BC01_Yr2_TGACCA_R1_001_fastq	EXR-KJENS1RID1-AN	4353.0	Urine	2241164.0	4353.0	True
sample_Sample_U_203_GC02_Yr2_ACTTGA_R1_001_fastq	EXR-KJENS1RID1-AN	24620.0	Urine	5584637.0	24620.0	True
sample_Sample_U_203_GC03_Yr2_GGTAGC_R1_001_fastq	EXR-KJENS1RID1-AN	11065.0	Urine	5362126.0	11065.0	True
sample_Sample_U_203_GC05_Yr2_CATGGC_R1_001_fastq	EXR-KJENS1RID1-AN	227697.00000000003	Urine	5981647.0	227697.0	False
sample_Sample_U_203_GC06_Yr2_GTTTCG_R1_001_fastq	EXR-KJENS1RID1-AN	89957.0	Urine	6494111.0	89957.0	True
sample_Sample_U_203_GC07_Yr2_GGTAGC_R1_001_fastq	EXR-KJENS1RID1-AN	9568.0	Urine	8487158.0	9568.0	True
sample_Sample_U_204_BC01_Yr2_CGATGT_R1_001_fastq	EXR-KJENS1RID1-AN	6868.0	Urine	1236012.0	6868.0	True
sample_Sample_U_204_GC08_Yr2_ATCACG_R1_001_fastq	EXR-KJENS1RID1-AN	184949.0	Urine	5379871.0	184949.0	False
sample_Sample_U_205_BC01_Yr2_CCGTCC_R1_001_fastq	EXR-KJENS1RID1-AN	211362.0	Urine	3325727.0	211362.0	False
sample_Sample_U_206_BC01_Yr2_GAGTGG_R1_001_fastq	EXR-KJENS1RID1-AN	14151.0	Urine	1557351.0	14151.0	True
sample_Sample_U_206_GC03_Yr2_ACTTGA_R1_001_fastq	EXR-KJENS1RID1-AN	25189.999999999996	Urine	8009024.0	25190.0	True
sample_Sample_U_206_GC07_Yr2_CTTGTA_R1_001_fastq	EXR-KJENS1RID1-AN	490048.99999999994	Urine	7902987.0	490049.0	False
sample_Sample_U_206_GC08_Yr2_TAGCTT_R1_001_fastq	EXR-KJENS1RID1-AN	23963.0	Urine	8182209.0	23963.0	True
sample_Sample_U_207_BC01_Yr2_ATTCCT_R1_001_fastq	EXR-KJENS1RID1-AN	35614.0	Urine	1103314.0	35614.0	True
sample_Sample_U_207_GC02_Yr2_CTTGTA_R1_001_fastq	EXR-KJENS1RID1-AN	27973.0	Urine	55106805.0	27973.0	True
sample_Sample_U_207_GC03_Yr2_GTTTCG_combined_2_R1_001_fastq	EXR-KJENS1RID1-AN	89733.99999999999	Urine	8838565.0	89734.0	True
sample_Sample_U_207_GC08_Yr2_CATTTT_R1_001_fastq	EXR-KJENS1RID1-AN	74636.00000000001	Urine	6054159.0	74636.0	True
sample_Sample_U_208_BC01_Yr2_GTCCGC_R1_001_fastq	EXR-KJENS1RID1-AN	377408.0	Urine	6587652.0	377408.0	False
sample_Sample_U_209_BC01_Yr2_ATTCCT_R1_001_fastq	EXR-KJENS1RID1-AN	252096.0	Urine	5997797.0	252096.0	False
sample_Sample_U_209_GC08_Yr2_CACGAT_combined_2_R1_001_fastq	EXR-KJENS1RID1-AN	131095.0	Urine	9720618.0	131095.0	False
sample_Sample_U_210_BC01_Yr2_TCGGCA_R1_001_fastq	EXR-KJENS1RID1-AN	21426.0	Urine	756652.0	21426.0	True
sample_Sample_U_210_GC02_Yr2_CTTGTA_R1_001_fastq	EXR-KJENS1RID1-AN	275434.0	Urine	14122217.0	275434.0	False
sample_Sample_U_210_GC03_Yr2_CATTTT_R1_001_fastq	EXR-KJENS1RID1-AN	64213.00000000001	Urine	6252142.0	64213.0	True
sample_Sample_U_210_GC05_Yr2_TCATTC_R1_001_fastq	EXR-KJENS1RID1-AN	110107.0	Urine	5196599.0	110107.0	False
sample_Sample_U_212_BC01_Yr2_CGATGT_R1_001_fastq	EXR-KJENS1RID1-AN	2861.0	Urine	328072.0	2861.0	True
sample_Sample_U_212_GC06_Yr2_AGTTCC_combined_2_R1_001_fastq	EXR-KJENS1RID1-AN	126345.0	Urine	8982692.0	126345.0	False
sample_Sample_U_212_GC08_Yr2_ATGTCA_R1_001_fastq	EXR-KJENS1RID1-AN	25466.999999999996	Urine	2264149.0	25467.0	True
sample_Sample_U_213_BC01_Yr2_ACTGAT_R1_001_fastq	EXR-KJENS1RID1-AN	118941.0	Urine	3645508.0	118941.0	False
sample_Sample_U_213_GC02_Yr2_TGACCA_R1_001_fastq	EXR-KJENS1RID1-AN	16092.0	Urine	1743072.0	16092.0	True
sample_Sample_U_213_GC03_Yr2_TACAGC_R1_001_fastq	EXR-KJENS1RID1-AN	330673.99999999994	Urine	2862402.0	330674.0	False
sample_Sample_U_213_GC05_Yr2_GGCTAC_R1_001_fastq	EXR-KJENS1RID1-AN	14034.0	Urine	1662291.0	14034.0	True
sample_Sample_U_214_BC01_Yr2_TCGGCA_R1_001_fastq	EXR-KJENS1RID1-AN	17012.999999999996	Urine	3448999.0	17013.0	True
sample_Sample_U_214_GC08_Yr2_ATCACG_combined_2_R1_001_fastq	EXR-KJENS1RID1-AN	78456.0	Urine	14010868.0	78456.0	True
sample_Sample_U_215_BC01_Yr2_CAAAAG_R1_001_fastq	EXR-KJENS1RID1-AN	3469.999999999999	Urine	297015.0	3470.0	True
sample_Sample_U_215_GC08_Yr2_TTAGGC_R1_001_fastq	EXR-KJENS1RID1-AN	130360.0	Urine	7360994.0	130360.0	False
sample_Sample_U_216_BC01_Yr2_CCAACA_combined_2_R1_001_fastq	EXR-KJENS1RID1-AN	143515.99999999997	Urine	13137668.0	143516.0	False
sample_Sample_U_216_GC03_Yr2_CGATGT_combined_2_R1_001_fastq	EXR-KJENS1RID1-AN	134043.99999999997	Urine	10713249.0	134044.0	False
sample_Sample_U_216_GC05_Yr2_ATGAGC_R1_001_fastq	EXR-KJENS1RID1-AN	136944.0	Urine	3071718.0	136944.0	False
sample_Sample_U_216_GC06_Yr2_ACAGTG_R1_001_fastq	EXR-KJENS1RID1-AN	720566.0	Urine	6366746.0	720566.0	False
sample_Sample_U_216_GC07_Yr2_ATGAGC_R1_001_fastq	EXR-KJENS1RID1-AN	76478.0	Urine	5743536.0	76478.0	True
sample_Sample_U_218_BC01_Yr2_GCCAAT_R1_001_fastq	EXR-KJENS1RID1-AN	1628580.0	Urine	4281969.0	1628580.0	False
sample_Sample_U_219_BC01_Yr2_CGGAAT_R1_001_fastq	EXR-KJENS1RID1-AN	25391.000000000004	Urine	1304474.0	25391.0	True
sample_Sample_U_220_BC01_Yr2_TGACCA_R1_001_fastq	EXR-KJENS1RID1-AN	17648.999999999996	Urine	5418011.0	17649.0	True
sample_Sample_U_221_BC01_Yr2_CTCAGA_R1_001_fastq	EXR-KJENS1RID1-AN	81827.0	Urine	3824573.0	81827.0	True
sample_Sample_U_221_GC02_Yr2_TAGCTT_R1_001_fastq	EXR-KJENS1RID1-AN	934802.0000000001	Urine	8142668.0	934802.0	False
sample_Sample_U_221_GC03_Yr2_GATCAG_R1_001_fastq	EXR-KJENS1RID1-AN	86236.0	Urine	7089789.0	86236.0	True
sample_Sample_U_221_GC05_Yr2_CAAAAG_R1_001_fastq	EXR-KJENS1RID1-AN	192071.99999999997	Urine	1457064.0	192072.0	False
sample_Sample_U_221_GC06_Yr2_CCGTCC_combined_2_R1_001_fastq	EXR-KJENS1RID1-AN	244522.0	Urine	11006613.0	244522.0	False
sample_Sample_U_221_GC07_Yr2_GTGGCC_R1_001_fastq	EXR-KJENS1RID1-AN	12655.0	Urine	3986593.0	12655.0	True
sample_Sample_U_221_GC08_Yr2_GACGAC_R1_001_fastq	EXR-KJENS1RID1-AN	141141.0	Urine	4621377.0	141141.0	False
sample_Sample_U_223_BC01_Yr2_CCAACA_combined_3_R1_001_fastq	EXR-KJENS1RID1-AN	142755.0	Urine	17200457.0	142755.0	False
sample_Sample_U_223_GC02_Yr2_AGTCAA_R1_001_fastq	EXR-KJENS1RID1-AN	193307.0	Urine	7143076.0	193307.0	False
sample_Sample_U_223_GC03_Yr2_GACGAC_R1_001_fastq	EXR-KJENS1RID1-AN	20998.0	Urine	124739.0	20998.0	True
sample_Sample_U_223_GC05_Yr2_CTATAC_R1_001_fastq	EXR-KJENS1RID1-AN	245754.99999999997	Urine	5588304.0	245755.0	False
sample_Sample_U_223_GC06_Yr2_TCGAAG_R1_001_fastq	EXR-KJENS1RID1-AN	24947.0	Urine	5916110.0	24947.0	True
sample_Sample_U_223_GC07_Yr2_CGTACG_R1_001_fastq	EXR-KJENS1RID1-AN	98289.0	Urine	6589807.0	98289.0	True
sample_Sample_U_223_GC08_Yr2_CTAGCT_R1_001_fastq	EXR-KJENS1RID1-AN	57497.0	Urine	1960450.0	57497.0	True
sample_Sample_U_224_GC04_Yr2_ATGTCA_R1_001_fastq	EXR-KJENS1RID1-AN	241822.0	Urine	11245044.0	241822.0	False
sample_Sample_U_224_GC08_Yr2_TAGCTT_combined_2_R1_001_fastq	EXR-KJENS1RID1-AN	201364.99999999997	Urine	15724945.0	201365.0	False
sample_Sample_U_225_BC01_Yr2_GGCTAC_R1_001_fastq	EXR-KJENS1RID1-AN	5057.999999999999	Urine	225754.0	5058.0	True
sample_Sample_U_226_GC02_Yr2_TAATCG_R1_001_fastq	EXR-KJENS1RID1-AN	846567.0000000001	Urine	7487563.0	846567.0	False
sample_Sample_U_226_GC03_Yr2_ACAGTG_R1_001_fastq	EXR-KJENS1RID1-AN	15194.0	Urine	594172.0	15194.0	True
sample_Sample_U_226_GC06_Yr2_GTAGAG_R1_001_fastq	EXR-KJENS1RID1-AN	294632.0	Urine	6145910.0	294632.0	False
sample_Sample_U_226_GC07_Yr2_CAACTA_R1_001_fastq	EXR-KJENS1RID1-AN	11669.0	Urine	6664428.0	11669.0	True
sample_Sample_U_227_GC03_Yr2_AGTTCC_combined_2_R1_001_fastq	EXR-KJENS1RID1-AN	106880.0	Urine	14637259.0	106880.0	False
sample_Sample_U_227_GC05_Yr2_TATAAT_combined_2_R1_001_fastq	EXR-KJENS1RID1-AN	114055.00000000001	Urine	8992318.0	114055.0	False
sample_Sample_U_227_GC06_Yr2_GACGAC_R1_001_fastq	EXR-KJENS1RID1-AN	6238.0	Urine	6218927.0	6238.0	True
sample_Sample_U_227_GC07_Yr2_TTAGGC_R1_001_fastq	EXR-KJENS1RID1-AN	23342.0	Urine	5489878.0	23342.0	True
sample_Sample_U_227_GC08_Yr2_GCCAAT_combined_2_R1_001_fastq	EXR-KJENS1RID1-AN	78235.0	Urine	8921675.0	78235.0	True
sample_Sample_U_228_GC02_Yr2_GTGAAA_R1_001_fastq	EXR-KJENS1RID1-AN	156306.00000000003	Urine	4276284.0	156306.0	False
sample_Sample_U_228_GC03_Yr2_CAGGCG_R1_001_fastq	EXR-KJENS1RID1-AN	223745.99999999994	Urine	6247892.0	223746.0	False
sample_Sample_U_228_GC06_Yr2_GATCAG_R1_001_fastq	EXR-KJENS1RID1-AN	24963.0	Urine	3720764.0	24963.0	True
sample_Sample_U_228_GC07_Yr2_GTGAAA_R1_001_fastq	EXR-KJENS1RID1-AN	348007.00000000006	Urine	2956101.0	348007.0	False
